User_ID,Device,Day_of_Visit,Step_1_LandingPage,Step_2_SignUp,Step_3_KYC,Step_4_LinkAccount,Step_5_Transaction
U0017,Mobile,Weekday,1,1,1,0,0
U0029,Mobile,Weekday,1,1,1,0,0
U0037,Mobile,Weekday,1,1,1,0,0
U0059,Mobile,Weekday,1,1,1,0,0
U0065,Mobile,Weekday,1,1,1,0,0
U0069,Mobile,Weekday,1,1,1,0,0
U0072,Mobile,Weekday,1,1,1,0,0
U0106,Mobile,Weekday,1,1,1,0,0
U0109,Mobile,Weekday,1,1,1,0,0
U0126,Mobile,Weekday,1,1,1,0,0
U0139,Mobile,Weekday,1,1,1,0,0
U0144,Mobile,Weekday,1,1,1,0,0
U0145,Mobile,Weekday,1,1,1,0,0
U0153,Mobile,Weekday,1,1,1,0,0
U0176,Mobile,Weekday,1,1,1,0,0
U0182,Mobile,Weekday,1,1,1,0,0
U0191,Mobile,Weekday,1,1,1,0,0
U0216,Mobile,Weekday,1,1,1,0,0
U0223,Mobile,Weekday,1,1,1,0,0
U0256,Mobile,Weekday,1,1,1,0,0
U0269,Mobile,Weekday,1,1,1,0,0
U0270,Mobile,Weekday,1,1,1,0,0
U0290,Mobile,Weekday,1,1,1,0,0
U0294,Mobile,Weekday,1,1,1,0,0
U0303,Mobile,Weekday,1,1,1,0,0
U0317,Mobile,Weekday,1,1,1,0,0
U0330,Mobile,Weekday,1,1,1,0,0
U0363,Mobile,Weekday,1,1,1,0,0
U0366,Mobile,Weekday,1,1,1,0,0
U0378,Mobile,Weekday,1,1,1,0,0
U0405,Mobile,Weekday,1,1,1,0,0
U0424,Mobile,Weekday,1,1,1,0,0
U0431,Mobile,Weekday,1,1,1,0,0
U0434,Mobile,Weekday,1,1,1,0,0
U0450,Mobile,Weekday,1,1,1,0,0
U0457,Mobile,Weekday,1,1,1,0,0
U0471,Mobile,Weekday,1,1,1,0,0
U0495,Mobile,Weekday,1,1,1,0,0
U0521,Mobile,Weekday,1,1,1,0,0
U0546,Mobile,Weekday,1,1,1,0,0
U0549,Mobile,Weekday,1,1,1,0,0
U0557,Mobile,Weekday,1,1,1,0,0
U0558,Mobile,Weekday,1,1,1,0,0
U0566,Mobile,Weekday,1,1,1,0,0
U0579,Mobile,Weekday,1,1,1,0,0
U0581,Mobile,Weekday,1,1,1,0,0
U0583,Mobile,Weekday,1,1,1,0,0
U0586,Mobile,Weekday,1,1,1,0,0
U0589,Mobile,Weekday,1,1,1,0,0
U0602,Mobile,Weekday,1,1,1,0,0
U0603,Mobile,Weekday,1,1,1,0,0
U0605,Mobile,Weekday,1,1,1,0,0
U0606,Mobile,Weekday,1,1,1,0,0
U0621,Mobile,Weekday,1,1,1,0,0
U0633,Mobile,Weekday,1,1,1,0,0
U0636,Mobile,Weekday,1,1,1,0,0
U0638,Mobile,Weekday,1,1,1,0,0
U0641,Mobile,Weekday,1,1,1,0,0
U0643,Mobile,Weekday,1,1,1,0,0
U0652,Mobile,Weekday,1,1,1,0,0
U0657,Mobile,Weekday,1,1,1,0,0
U0664,Mobile,Weekday,1,1,1,0,0
U0669,Mobile,Weekday,1,1,1,0,0
U0678,Mobile,Weekday,1,1,1,0,0
U0700,Mobile,Weekday,1,1,1,0,0
U0703,Mobile,Weekday,1,1,1,0,0
U0707,Mobile,Weekday,1,1,1,0,0
U0709,Mobile,Weekday,1,1,1,0,0
U0714,Mobile,Weekday,1,1,1,0,0
U0727,Mobile,Weekday,1,1,1,0,0
U0744,Mobile,Weekday,1,1,1,0,0
U0763,Mobile,Weekday,1,1,1,0,0
U0769,Mobile,Weekday,1,1,1,0,0
U0788,Mobile,Weekday,1,1,1,0,0
U0798,Mobile,Weekday,1,1,1,0,0
U0805,Mobile,Weekday,1,1,1,0,0
U0810,Mobile,Weekday,1,1,1,0,0
U0817,Mobile,Weekday,1,1,1,0,0
U0827,Mobile,Weekday,1,1,1,0,0
U0841,Mobile,Weekday,1,1,1,0,0
U0851,Mobile,Weekday,1,1,1,0,0
U0858,Mobile,Weekday,1,1,1,0,0
U0862,Mobile,Weekday,1,1,1,0,0
U0880,Mobile,Weekday,1,1,1,0,0
U0888,Mobile,Weekday,1,1,1,0,0
U0909,Mobile,Weekday,1,1,1,0,0
U0911,Mobile,Weekday,1,1,1,0,0
U0922,Mobile,Weekday,1,1,1,0,0
U0930,Mobile,Weekday,1,1,1,0,0
U0937,Mobile,Weekday,1,1,1,0,0
U0940,Mobile,Weekday,1,1,1,0,0
U0946,Mobile,Weekday,1,1,1,0,0
U0968,Mobile,Weekday,1,1,1,0,0
U0974,Mobile,Weekday,1,1,1,0,0
U0983,Mobile,Weekday,1,1,1,0,0
U0984,Mobile,Weekday,1,1,1,0,0
U0989,Mobile,Weekday,1,1,1,0,0
U0001,Mobile,Weekday,1,1,1,1,0
U0011,Mobile,Weekday,1,1,1,1,0
U0022,Mobile,Weekday,1,1,1,1,0
U0043,Mobile,Weekday,1,1,1,1,0
U0047,Mobile,Weekday,1,1,1,1,0
U0058,Mobile,Weekday,1,1,1,1,0
U0064,Mobile,Weekday,1,1,1,1,0
U0067,Mobile,Weekday,1,1,1,1,0
U0073,Mobile,Weekday,1,1,1,1,0
U0078,Mobile,Weekday,1,1,1,1,0
U0090,Mobile,Weekday,1,1,1,1,0
U0096,Mobile,Weekday,1,1,1,1,0
U0098,Mobile,Weekday,1,1,1,1,0
U0100,Mobile,Weekday,1,1,1,1,0
U0134,Mobile,Weekday,1,1,1,1,0
U0165,Mobile,Weekday,1,1,1,1,0
U0168,Mobile,Weekday,1,1,1,1,0
U0173,Mobile,Weekday,1,1,1,1,0
U0188,Mobile,Weekday,1,1,1,1,0
U0195,Mobile,Weekday,1,1,1,1,0
U0217,Mobile,Weekday,1,1,1,1,0
U0222,Mobile,Weekday,1,1,1,1,0
U0225,Mobile,Weekday,1,1,1,1,0
U0232,Mobile,Weekday,1,1,1,1,0
U0240,Mobile,Weekday,1,1,1,1,0
U0254,Mobile,Weekday,1,1,1,1,0
U0259,Mobile,Weekday,1,1,1,1,0
U0264,Mobile,Weekday,1,1,1,1,0
U0285,Mobile,Weekday,1,1,1,1,0
U0291,Mobile,Weekday,1,1,1,1,0
U0296,Mobile,Weekday,1,1,1,1,0
U0311,Mobile,Weekday,1,1,1,1,0
U0329,Mobile,Weekday,1,1,1,1,0
U0331,Mobile,Weekday,1,1,1,1,0
U0333,Mobile,Weekday,1,1,1,1,0
U0340,Mobile,Weekday,1,1,1,1,0
U0348,Mobile,Weekday,1,1,1,1,0
U0360,Mobile,Weekday,1,1,1,1,0
U0370,Mobile,Weekday,1,1,1,1,0
U0372,Mobile,Weekday,1,1,1,1,0
U0380,Mobile,Weekday,1,1,1,1,0
U0381,Mobile,Weekday,1,1,1,1,0
U0401,Mobile,Weekday,1,1,1,1,0
U0414,Mobile,Weekday,1,1,1,1,0
U0417,Mobile,Weekday,1,1,1,1,0
U0418,Mobile,Weekday,1,1,1,1,0
U0437,Mobile,Weekday,1,1,1,1,0
U0443,Mobile,Weekday,1,1,1,1,0
U0458,Mobile,Weekday,1,1,1,1,0
U0464,Mobile,Weekday,1,1,1,1,0
U0480,Mobile,Weekday,1,1,1,1,0
U0487,Mobile,Weekday,1,1,1,1,0
U0491,Mobile,Weekday,1,1,1,1,0
U0496,Mobile,Weekday,1,1,1,1,0
U0506,Mobile,Weekday,1,1,1,1,0
U0526,Mobile,Weekday,1,1,1,1,0
U0540,Mobile,Weekday,1,1,1,1,0
U0564,Mobile,Weekday,1,1,1,1,0
U0580,Mobile,Weekday,1,1,1,1,0
U0587,Mobile,Weekday,1,1,1,1,0
U0593,Mobile,Weekday,1,1,1,1,0
U0596,Mobile,Weekday,1,1,1,1,0
U0601,Mobile,Weekday,1,1,1,1,0
U0627,Mobile,Weekday,1,1,1,1,0
U0630,Mobile,Weekday,1,1,1,1,0
U0644,Mobile,Weekday,1,1,1,1,0
U0655,Mobile,Weekday,1,1,1,1,0
U0661,Mobile,Weekday,1,1,1,1,0
U0692,Mobile,Weekday,1,1,1,1,0
U0698,Mobile,Weekday,1,1,1,1,0
U0725,Mobile,Weekday,1,1,1,1,0
U0740,Mobile,Weekday,1,1,1,1,0
U0745,Mobile,Weekday,1,1,1,1,0
U0791,Mobile,Weekday,1,1,1,1,0
U0820,Mobile,Weekday,1,1,1,1,0
U0822,Mobile,Weekday,1,1,1,1,0
U0825,Mobile,Weekday,1,1,1,1,0
U0838,Mobile,Weekday,1,1,1,1,0
U0846,Mobile,Weekday,1,1,1,1,0
U0864,Mobile,Weekday,1,1,1,1,0
U0868,Mobile,Weekday,1,1,1,1,0
U0876,Mobile,Weekday,1,1,1,1,0
U0879,Mobile,Weekday,1,1,1,1,0
U0881,Mobile,Weekday,1,1,1,1,0
U0894,Mobile,Weekday,1,1,1,1,0
U0904,Mobile,Weekday,1,1,1,1,0
U0910,Mobile,Weekday,1,1,1,1,0
U0935,Mobile,Weekday,1,1,1,1,0
U0947,Mobile,Weekday,1,1,1,1,0
U0961,Mobile,Weekday,1,1,1,1,0
U0975,Mobile,Weekday,1,1,1,1,0
U0977,Mobile,Weekday,1,1,1,1,0
U0978,Mobile,Weekday,1,1,1,1,0
U0994,Mobile,Weekday,1,1,1,1,0
U0009,Desktop,Weekday,1,1,1,0,0
U0010,Desktop,Weekday,1,1,1,1,0
U0026,Desktop,Weekday,1,1,1,0,0
U0031,Desktop,Weekday,1,1,1,0,0
U0035,Desktop,Weekday,1,1,1,1,0
U0036,Desktop,Weekday,1,1,1,0,0
U0039,Desktop,Weekday,1,1,1,0,0
U0052,Desktop,Weekday,1,1,1,0,0
U0070,Desktop,Weekday,1,1,1,0,0
U0088,Desktop,Weekday,1,1,1,1,0
U0095,Desktop,Weekday,1,1,1,1,0
U0115,Desktop,Weekday,1,1,1,1,0
U0117,Desktop,Weekday,1,1,1,0,0
U0127,Desktop,Weekday,1,1,1,0,0
U0128,Desktop,Weekday,1,1,1,0,0
U0138,Desktop,Weekday,1,1,1,1,0
U0160,Desktop,Weekday,1,1,1,1,0
U0162,Desktop,Weekday,1,1,1,1,0
U0163,Desktop,Weekday,1,1,1,1,0
U0171,Desktop,Weekday,1,1,1,1,0
U0175,Desktop,Weekday,1,1,1,0,0
U0183,Desktop,Weekday,1,1,1,0,0
U0194,Desktop,Weekday,1,1,1,0,0
U0200,Desktop,Weekday,1,1,1,1,0
U0212,Desktop,Weekday,1,1,1,1,0
U0213,Desktop,Weekday,1,1,1,1,0
U0215,Desktop,Weekday,1,1,1,1,0
U0220,Desktop,Weekday,1,1,1,1,0
U0236,Desktop,Weekday,1,1,1,1,0
U0246,Desktop,Weekday,1,1,1,0,0
U0250,Desktop,Weekday,1,1,1,0,0
U0257,Desktop,Weekday,1,1,1,0,0
U0261,Desktop,Weekday,1,1,1,1,0
U0267,Desktop,Weekday,1,1,1,1,0
U0268,Desktop,Weekday,1,1,1,1,0
U0271,Desktop,Weekday,1,1,1,1,0
U0293,Desktop,Weekday,1,1,1,1,0
U0297,Desktop,Weekday,1,1,1,1,0
U0299,Desktop,Weekday,1,1,1,1,0
U0309,Desktop,Weekday,1,1,1,0,0
U0316,Desktop,Weekday,1,1,1,1,0
U0322,Desktop,Weekday,1,1,1,0,0
U0347,Desktop,Weekday,1,1,1,0,0
U0362,Desktop,Weekday,1,1,1,1,0
U0384,Desktop,Weekday,1,1,1,1,0
U0385,Desktop,Weekday,1,1,1,0,0
U0391,Desktop,Weekday,1,1,1,1,0
U0399,Desktop,Weekday,1,1,1,1,0
U0412,Desktop,Weekday,1,1,1,1,0
U0413,Desktop,Weekday,1,1,1,0,0
U0419,Desktop,Weekday,1,1,1,1,0
U0422,Desktop,Weekday,1,1,1,0,0
U0442,Desktop,Weekday,1,1,1,0,0
U0446,Desktop,Weekday,1,1,1,0,0
U0451,Desktop,Weekday,1,1,1,1,0
U0454,Desktop,Weekday,1,1,1,0,0
U0463,Desktop,Weekday,1,1,1,0,0
U0489,Desktop,Weekday,1,1,1,0,0
U0492,Desktop,Weekday,1,1,1,0,0
U0508,Desktop,Weekday,1,1,1,1,0
U0519,Desktop,Weekday,1,1,1,1,0
U0523,Desktop,Weekday,1,1,1,0,0
U0524,Desktop,Weekday,1,1,1,1,0
U0525,Desktop,Weekday,1,1,1,0,0
U0535,Desktop,Weekday,1,1,1,1,0
U0536,Desktop,Weekday,1,1,1,1,0
U0537,Desktop,Weekday,1,1,1,1,0
U0548,Desktop,Weekday,1,1,1,1,0
U0550,Desktop,Weekday,1,1,1,0,0
U0552,Desktop,Weekday,1,1,1,1,0
U0561,Desktop,Weekday,1,1,1,0,0
U0576,Desktop,Weekday,1,1,1,1,0
U0597,Desktop,Weekday,1,1,1,0,0
U0615,Desktop,Weekday,1,1,1,1,0
U0625,Desktop,Weekday,1,1,1,0,0
U0654,Desktop,Weekday,1,1,1,0,0
U0676,Desktop,Weekday,1,1,1,0,0
U0680,Desktop,Weekday,1,1,1,1,0
U0685,Desktop,Weekday,1,1,1,0,0
U0689,Desktop,Weekday,1,1,1,1,0
U0696,Desktop,Weekday,1,1,1,0,0
U0708,Desktop,Weekday,1,1,1,1,0
U0711,Desktop,Weekday,1,1,1,1,0
U0717,Desktop,Weekday,1,1,1,1,0
U0720,Desktop,Weekday,1,1,1,0,0
U0724,Desktop,Weekday,1,1,1,1,0
U0733,Desktop,Weekday,1,1,1,0,0
U0753,Desktop,Weekday,1,1,1,0,0
U0759,Desktop,Weekday,1,1,1,1,0
U0764,Desktop,Weekday,1,1,1,1,0
U0768,Desktop,Weekday,1,1,1,1,0
U0778,Desktop,Weekday,1,1,1,1,0
U0800,Desktop,Weekday,1,1,1,1,0
U0807,Desktop,Weekday,1,1,1,1,0
U0808,Desktop,Weekday,1,1,1,0,0
U0811,Desktop,Weekday,1,1,1,1,0
U0814,Desktop,Weekday,1,1,1,1,0
U0815,Desktop,Weekday,1,1,1,0,0
U0826,Desktop,Weekday,1,1,1,1,0
U0842,Desktop,Weekday,1,1,1,0,0
U0895,Desktop,Weekday,1,1,1,1,0
U0919,Desktop,Weekday,1,1,1,0,0
U0924,Desktop,Weekday,1,1,1,0,0
U0929,Desktop,Weekday,1,1,1,0,0
U0932,Desktop,Weekday,1,1,1,1,0
U0933,Desktop,Weekday,1,1,1,0,0
U0948,Desktop,Weekday,1,1,1,0,0
U0949,Desktop,Weekday,1,1,1,0,0
U0951,Desktop,Weekday,1,1,1,1,0
U0967,Desktop,Weekday,1,1,1,0,0
U0999,Desktop,Weekday,1,1,1,0,0
U0002,Desktop,Weekday,1,1,0,0,0
U0056,Desktop,Weekday,1,1,0,0,0
U0068,Desktop,Weekday,1,1,0,0,0
U0077,Desktop,Weekday,1,1,0,0,0
U0082,Desktop,Weekday,1,1,0,0,0
U0116,Desktop,Weekday,1,1,0,0,0
U0157,Desktop,Weekday,1,1,0,0,0
U0193,Desktop,Weekday,1,1,0,0,0
U0204,Desktop,Weekday,1,1,0,0,0
U0265,Desktop,Weekday,1,1,0,0,0
U0277,Desktop,Weekday,1,1,0,0,0
U0280,Desktop,Weekday,1,1,0,0,0
U0337,Desktop,Weekday,1,1,0,0,0
U0338,Desktop,Weekday,1,1,0,0,0
U0353,Desktop,Weekday,1,1,0,0,0
U0359,Desktop,Weekday,1,1,0,0,0
U0377,Desktop,Weekday,1,1,0,0,0
U0386,Desktop,Weekday,1,1,0,0,0
U0397,Desktop,Weekday,1,1,0,0,0
U0406,Desktop,Weekday,1,1,0,0,0
U0415,Desktop,Weekday,1,1,0,0,0
U0421,Desktop,Weekday,1,1,0,0,0
U0432,Desktop,Weekday,1,1,0,0,0
U0439,Desktop,Weekday,1,1,0,0,0
U0447,Desktop,Weekday,1,1,0,0,0
U0484,Desktop,Weekday,1,1,0,0,0
U0505,Desktop,Weekday,1,1,0,0,0
U0509,Desktop,Weekday,1,1,0,0,0
U0514,Desktop,Weekday,1,1,0,0,0
U0532,Desktop,Weekday,1,1,0,0,0
U0542,Desktop,Weekday,1,1,0,0,0
U0569,Desktop,Weekday,1,1,0,0,0
U0575,Desktop,Weekday,1,1,0,0,0
U0610,Desktop,Weekday,1,1,0,0,0
U0619,Desktop,Weekday,1,1,0,0,0
U0628,Desktop,Weekday,1,1,0,0,0
U0679,Desktop,Weekday,1,1,0,0,0
U0681,Desktop,Weekday,1,1,0,0,0
U0706,Desktop,Weekday,1,1,0,0,0
U0710,Desktop,Weekday,1,1,0,0,0
U0726,Desktop,Weekday,1,1,0,0,0
U0732,Desktop,Weekday,1,1,0,0,0
U0738,Desktop,Weekday,1,1,0,0,0
U0750,Desktop,Weekday,1,1,0,0,0
U0752,Desktop,Weekday,1,1,0,0,0
U0760,Desktop,Weekday,1,1,0,0,0
U0878,Desktop,Weekday,1,1,0,0,0
U0885,Desktop,Weekday,1,1,0,0,0
U0887,Desktop,Weekday,1,1,0,0,0
U0891,Desktop,Weekday,1,1,0,0,0
U0898,Desktop,Weekday,1,1,0,0,0
U0921,Desktop,Weekday,1,1,0,0,0
U0923,Desktop,Weekday,1,1,0,0,0
U0952,Desktop,Weekday,1,1,0,0,0
U0971,Desktop,Weekday,1,1,0,0,0
U0985,Desktop,Weekday,1,1,0,0,0
U0006,Mobile,Weekday,1,1,0,0,0
U0007,Mobile,Weekday,1,1,0,0,0
U0020,Mobile,Weekday,1,1,0,0,0
U0033,Mobile,Weekday,1,1,0,0,0
U0060,Mobile,Weekday,1,1,0,0,0
U0094,Mobile,Weekday,1,1,0,0,0
U0097,Mobile,Weekday,1,1,0,0,0
U0130,Mobile,Weekday,1,1,0,0,0
U0132,Mobile,Weekday,1,1,0,0,0
U0133,Mobile,Weekday,1,1,0,0,0
U0142,Mobile,Weekday,1,1,0,0,0
U0169,Mobile,Weekday,1,1,0,0,0
U0178,Mobile,Weekday,1,1,0,0,0
U0189,Mobile,Weekday,1,1,0,0,0
U0207,Mobile,Weekday,1,1,0,0,0
U0226,Mobile,Weekday,1,1,0,0,0
U0238,Mobile,Weekday,1,1,0,0,0
U0260,Mobile,Weekday,1,1,0,0,0
U0276,Mobile,Weekday,1,1,0,0,0
U0283,Mobile,Weekday,1,1,0,0,0
U0284,Mobile,Weekday,1,1,0,0,0
U0288,Mobile,Weekday,1,1,0,0,0
U0289,Mobile,Weekday,1,1,0,0,0
U0292,Mobile,Weekday,1,1,0,0,0
U0319,Mobile,Weekday,1,1,0,0,0
U0320,Mobile,Weekday,1,1,0,0,0
U0327,Mobile,Weekday,1,1,0,0,0
U0341,Mobile,Weekday,1,1,0,0,0
U0375,Mobile,Weekday,1,1,0,0,0
U0392,Mobile,Weekday,1,1,0,0,0
U0393,Mobile,Weekday,1,1,0,0,0
U0398,Mobile,Weekday,1,1,0,0,0
U0403,Mobile,Weekday,1,1,0,0,0
U0423,Mobile,Weekday,1,1,0,0,0
U0429,Mobile,Weekday,1,1,0,0,0
U0440,Mobile,Weekday,1,1,0,0,0
U0444,Mobile,Weekday,1,1,0,0,0
U0455,Mobile,Weekday,1,1,0,0,0
U0475,Mobile,Weekday,1,1,0,0,0
U0493,Mobile,Weekday,1,1,0,0,0
U0494,Mobile,Weekday,1,1,0,0,0
U0497,Mobile,Weekday,1,1,0,0,0
U0502,Mobile,Weekday,1,1,0,0,0
U0503,Mobile,Weekday,1,1,0,0,0
U0515,Mobile,Weekday,1,1,0,0,0
U0527,Mobile,Weekday,1,1,0,0,0
U0562,Mobile,Weekday,1,1,0,0,0
U0584,Mobile,Weekday,1,1,0,0,0
U0588,Mobile,Weekday,1,1,0,0,0
U0591,Mobile,Weekday,1,1,0,0,0
U0607,Mobile,Weekday,1,1,0,0,0
U0609,Mobile,Weekday,1,1,0,0,0
U0614,Mobile,Weekday,1,1,0,0,0
U0618,Mobile,Weekday,1,1,0,0,0
U0629,Mobile,Weekday,1,1,0,0,0
U0645,Mobile,Weekday,1,1,0,0,0
U0651,Mobile,Weekday,1,1,0,0,0
U0653,Mobile,Weekday,1,1,0,0,0
U0660,Mobile,Weekday,1,1,0,0,0
U0667,Mobile,Weekday,1,1,0,0,0
U0683,Mobile,Weekday,1,1,0,0,0
U0691,Mobile,Weekday,1,1,0,0,0
U0693,Mobile,Weekday,1,1,0,0,0
U0697,Mobile,Weekday,1,1,0,0,0
U0704,Mobile,Weekday,1,1,0,0,0
U0705,Mobile,Weekday,1,1,0,0,0
U0715,Mobile,Weekday,1,1,0,0,0
U0722,Mobile,Weekday,1,1,0,0,0
U0723,Mobile,Weekday,1,1,0,0,0
U0751,Mobile,Weekday,1,1,0,0,0
U0776,Mobile,Weekday,1,1,0,0,0
U0777,Mobile,Weekday,1,1,0,0,0
U0784,Mobile,Weekday,1,1,0,0,0
U0819,Mobile,Weekday,1,1,0,0,0
U0823,Mobile,Weekday,1,1,0,0,0
U0832,Mobile,Weekday,1,1,0,0,0
U0833,Mobile,Weekday,1,1,0,0,0
U0847,Mobile,Weekday,1,1,0,0,0
U0883,Mobile,Weekday,1,1,0,0,0
U0915,Mobile,Weekday,1,1,0,0,0
U0920,Mobile,Weekday,1,1,0,0,0
U0931,Mobile,Weekday,1,1,0,0,0
U0941,Mobile,Weekday,1,1,0,0,0
U0942,Mobile,Weekday,1,1,0,0,0
U0953,Mobile,Weekday,1,1,0,0,0
U0957,Mobile,Weekday,1,1,0,0,0
U0966,Mobile,Weekday,1,1,0,0,0
U0981,Mobile,Weekday,1,1,0,0,0
U0993,Mobile,Weekday,1,1,0,0,0
U0027,Mobile,Weekend,1,1,0,0,0
U0038,Mobile,Weekend,1,1,0,0,0
U0042,Mobile,Weekend,1,1,0,0,0
U0080,Mobile,Weekend,1,1,0,0,0
U0103,Mobile,Weekend,1,1,0,0,0
U0131,Mobile,Weekend,1,1,0,0,0
U0147,Desktop,Weekend,1,1,0,0,0
U0149,Mobile,Weekend,1,1,0,0,0
U0159,Mobile,Weekend,1,1,0,0,0
U0167,Mobile,Weekend,1,1,0,0,0
U0179,Desktop,Weekend,1,1,0,0,0
U0190,Mobile,Weekend,1,1,0,0,0
U0197,Desktop,Weekend,1,1,0,0,0
U0249,Desktop,Weekend,1,1,0,0,0
U0295,Mobile,Weekend,1,1,0,0,0
U0300,Mobile,Weekend,1,1,0,0,0
U0302,Mobile,Weekend,1,1,0,0,0
U0323,Desktop,Weekend,1,1,0,0,0
U0325,Desktop,Weekend,1,1,0,0,0
U0335,Mobile,Weekend,1,1,0,0,0
U0361,Mobile,Weekend,1,1,0,0,0
U0365,Desktop,Weekend,1,1,0,0,0
U0376,Mobile,Weekend,1,1,0,0,0
U0396,Desktop,Weekend,1,1,0,0,0
U0407,Mobile,Weekend,1,1,0,0,0
U0408,Mobile,Weekend,1,1,0,0,0
U0425,Mobile,Weekend,1,1,0,0,0
U0445,Desktop,Weekend,1,1,0,0,0
U0469,Mobile,Weekend,1,1,0,0,0
U0477,Mobile,Weekend,1,1,0,0,0
U0513,Desktop,Weekend,1,1,0,0,0
U0529,Mobile,Weekend,1,1,0,0,0
U0545,Desktop,Weekend,1,1,0,0,0
U0551,Mobile,Weekend,1,1,0,0,0
U0573,Mobile,Weekend,1,1,0,0,0
U0574,Desktop,Weekend,1,1,0,0,0
U0631,Desktop,Weekend,1,1,0,0,0
U0642,Mobile,Weekend,1,1,0,0,0
U0650,Mobile,Weekend,1,1,0,0,0
U0687,Mobile,Weekend,1,1,0,0,0
U0699,Mobile,Weekend,1,1,0,0,0
U0741,Mobile,Weekend,1,1,0,0,0
U0742,Mobile,Weekend,1,1,0,0,0
U0743,Desktop,Weekend,1,1,0,0,0
U0772,Desktop,Weekend,1,1,0,0,0
U0780,Desktop,Weekend,1,1,0,0,0
U0818,Mobile,Weekend,1,1,0,0,0
U0829,Desktop,Weekend,1,1,0,0,0
U0839,Mobile,Weekend,1,1,0,0,0
U0860,Mobile,Weekend,1,1,0,0,0
U0874,Mobile,Weekend,1,1,0,0,0
U0900,Mobile,Weekend,1,1,0,0,0
U0903,Mobile,Weekend,1,1,0,0,0
U0905,Mobile,Weekend,1,1,0,0,0
U0925,Mobile,Weekend,1,1,0,0,0
U0956,Mobile,Weekend,1,1,0,0,0
U0976,Mobile,Weekend,1,1,0,0,0
U0982,Desktop,Weekend,1,1,0,0,0
U0051,Desktop,Weekend,1,1,1,0,0
U0053,Desktop,Weekend,1,1,1,0,0
U0063,Desktop,Weekend,1,1,1,0,0
U0081,Desktop,Weekend,1,1,1,0,0
U0089,Desktop,Weekend,1,1,1,0,0
U0105,Desktop,Weekend,1,1,1,1,0
U0121,Desktop,Weekend,1,1,1,1,0
U0151,Desktop,Weekend,1,1,1,1,0
U0158,Desktop,Weekend,1,1,1,0,0
U0199,Desktop,Weekend,1,1,1,1,0
U0221,Desktop,Weekend,1,1,1,1,0
U0229,Desktop,Weekend,1,1,1,1,0
U0231,Desktop,Weekend,1,1,1,0,0
U0239,Desktop,Weekend,1,1,1,0,0
U0241,Desktop,Weekend,1,1,1,0,0
U0242,Desktop,Weekend,1,1,1,1,0
U0243,Desktop,Weekend,1,1,1,0,0
U0262,Desktop,Weekend,1,1,1,0,0
U0272,Desktop,Weekend,1,1,1,0,0
U0273,Desktop,Weekend,1,1,1,1,0
U0278,Desktop,Weekend,1,1,1,1,0
U0314,Desktop,Weekend,1,1,1,0,0
U0328,Desktop,Weekend,1,1,1,0,0
U0332,Desktop,Weekend,1,1,1,1,0
U0356,Desktop,Weekend,1,1,1,1,0
U0368,Desktop,Weekend,1,1,1,1,0
U0404,Desktop,Weekend,1,1,1,1,0
U0420,Desktop,Weekend,1,1,1,1,0
U0438,Desktop,Weekend,1,1,1,0,0
U0448,Desktop,Weekend,1,1,1,0,0
U0465,Desktop,Weekend,1,1,1,0,0
U0470,Desktop,Weekend,1,1,1,0,0
U0511,Desktop,Weekend,1,1,1,1,0
U0518,Desktop,Weekend,1,1,1,0,0
U0541,Desktop,Weekend,1,1,1,1,0
U0559,Desktop,Weekend,1,1,1,0,0
U0560,Desktop,Weekend,1,1,1,0,0
U0585,Desktop,Weekend,1,1,1,0,0
U0595,Desktop,Weekend,1,1,1,1,0
U0620,Desktop,Weekend,1,1,1,0,0
U0646,Desktop,Weekend,1,1,1,0,0
U0649,Desktop,Weekend,1,1,1,0,0
U0672,Desktop,Weekend,1,1,1,0,0
U0684,Desktop,Weekend,1,1,1,1,0
U0716,Desktop,Weekend,1,1,1,1,0
U0728,Desktop,Weekend,1,1,1,0,0
U0756,Desktop,Weekend,1,1,1,0,0
U0767,Desktop,Weekend,1,1,1,0,0
U0775,Desktop,Weekend,1,1,1,1,0
U0797,Desktop,Weekend,1,1,1,1,0
U0801,Desktop,Weekend,1,1,1,1,0
U0812,Desktop,Weekend,1,1,1,0,0
U0870,Desktop,Weekend,1,1,1,0,0
U0893,Desktop,Weekend,1,1,1,1,0
U0938,Desktop,Weekend,1,1,1,1,0
U0943,Desktop,Weekend,1,1,1,0,0
U0954,Desktop,Weekend,1,1,1,0,0
U0960,Desktop,Weekend,1,1,1,0,0
U0972,Desktop,Weekend,1,1,1,0,0
U0987,Desktop,Weekend,1,1,1,0,0
U0991,Desktop,Weekend,1,1,1,0,0
U0004,Mobile,Weekend,1,1,1,1,0
U0015,Mobile,Weekend,1,1,1,1,0
U0016,Mobile,Weekend,1,1,1,1,0
U0024,Mobile,Weekend,1,1,1,0,0
U0025,Mobile,Weekend,1,1,1,0,0
U0030,Mobile,Weekend,1,1,1,1,0
U0049,Mobile,Weekend,1,1,1,0,0
U0055,Mobile,Weekend,1,1,1,0,0
U0057,Mobile,Weekend,1,1,1,0,0
U0066,Mobile,Weekend,1,1,1,1,0
U0085,Mobile,Weekend,1,1,1,1,0
U0091,Mobile,Weekend,1,1,1,0,0
U0099,Mobile,Weekend,1,1,1,1,0
U0104,Mobile,Weekend,1,1,1,1,0
U0118,Mobile,Weekend,1,1,1,1,0
U0124,Mobile,Weekend,1,1,1,0,0
U0137,Mobile,Weekend,1,1,1,0,0
U0150,Mobile,Weekend,1,1,1,0,0
U0152,Mobile,Weekend,1,1,1,1,0
U0156,Mobile,Weekend,1,1,1,1,0
U0164,Mobile,Weekend,1,1,1,1,0
U0172,Mobile,Weekend,1,1,1,0,0
U0181,Mobile,Weekend,1,1,1,1,0
U0224,Mobile,Weekend,1,1,1,0,0
U0251,Mobile,Weekend,1,1,1,1,0
U0282,Mobile,Weekend,1,1,1,0,0
U0307,Mobile,Weekend,1,1,1,1,0
U0308,Mobile,Weekend,1,1,1,1,0
U0310,Mobile,Weekend,1,1,1,0,0
U0334,Mobile,Weekend,1,1,1,1,0
U0343,Mobile,Weekend,1,1,1,0,0
U0344,Mobile,Weekend,1,1,1,0,0
U0349,Mobile,Weekend,1,1,1,0,0
U0351,Mobile,Weekend,1,1,1,0,0
U0371,Mobile,Weekend,1,1,1,1,0
U0373,Mobile,Weekend,1,1,1,1,0
U0387,Mobile,Weekend,1,1,1,0,0
U0441,Mobile,Weekend,1,1,1,0,0
U0453,Mobile,Weekend,1,1,1,0,0
U0456,Mobile,Weekend,1,1,1,1,0
U0547,Mobile,Weekend,1,1,1,1,0
U0563,Mobile,Weekend,1,1,1,0,0
U0590,Mobile,Weekend,1,1,1,0,0
U0611,Mobile,Weekend,1,1,1,1,0
U0617,Mobile,Weekend,1,1,1,0,0
U0634,Mobile,Weekend,1,1,1,0,0
U0635,Mobile,Weekend,1,1,1,1,0
U0640,Mobile,Weekend,1,1,1,0,0
U0656,Mobile,Weekend,1,1,1,1,0
U0665,Mobile,Weekend,1,1,1,0,0
U0666,Mobile,Weekend,1,1,1,0,0
U0668,Mobile,Weekend,1,1,1,0,0
U0670,Mobile,Weekend,1,1,1,0,0
U0673,Mobile,Weekend,1,1,1,0,0
U0674,Mobile,Weekend,1,1,1,1,0
U0682,Mobile,Weekend,1,1,1,1,0
U0690,Mobile,Weekend,1,1,1,0,0
U0701,Mobile,Weekend,1,1,1,1,0
U0713,Mobile,Weekend,1,1,1,1,0
U0719,Mobile,Weekend,1,1,1,1,0
U0729,Mobile,Weekend,1,1,1,0,0
U0762,Mobile,Weekend,1,1,1,0,0
U0773,Mobile,Weekend,1,1,1,1,0
U0774,Mobile,Weekend,1,1,1,0,0
U0782,Mobile,Weekend,1,1,1,1,0
U0816,Mobile,Weekend,1,1,1,0,0
U0828,Mobile,Weekend,1,1,1,1,0
U0831,Mobile,Weekend,1,1,1,0,0
U0834,Mobile,Weekend,1,1,1,1,0
U0849,Mobile,Weekend,1,1,1,0,0
U0853,Mobile,Weekend,1,1,1,0,0
U0855,Mobile,Weekend,1,1,1,1,0
U0857,Mobile,Weekend,1,1,1,1,0
U0859,Mobile,Weekend,1,1,1,0,0
U0866,Mobile,Weekend,1,1,1,1,0
U0875,Mobile,Weekend,1,1,1,1,0
U0890,Mobile,Weekend,1,1,1,0,0
U0916,Mobile,Weekend,1,1,1,0,0
U0945,Mobile,Weekend,1,1,1,0,0
U0963,Mobile,Weekend,1,1,1,1,0
U0995,Mobile,Weekend,1,1,1,1,0
U0044,Desktop,Weekday,1,1,1,1,1
U0046,Desktop,Weekday,1,1,1,1,1
U0071,Desktop,Weekday,1,1,1,1,1
U0087,Desktop,Weekday,1,1,1,1,1
U0093,Desktop,Weekday,1,1,1,1,1
U0113,Desktop,Weekday,1,1,1,1,1
U0119,Desktop,Weekday,1,1,1,1,1
U0135,Desktop,Weekday,1,1,1,1,1
U0155,Desktop,Weekday,1,1,1,1,1
U0205,Desktop,Weekday,1,1,1,1,1
U0218,Desktop,Weekday,1,1,1,1,1
U0227,Desktop,Weekday,1,1,1,1,1
U0230,Desktop,Weekday,1,1,1,1,1
U0248,Desktop,Weekday,1,1,1,1,1
U0253,Desktop,Weekday,1,1,1,1,1
U0258,Desktop,Weekday,1,1,1,1,1
U0266,Desktop,Weekday,1,1,1,1,1
U0274,Desktop,Weekday,1,1,1,1,1
U0279,Desktop,Weekday,1,1,1,1,1
U0281,Desktop,Weekday,1,1,1,1,1
U0304,Desktop,Weekday,1,1,1,1,1
U0346,Desktop,Weekday,1,1,1,1,1
U0350,Desktop,Weekday,1,1,1,1,1
U0374,Desktop,Weekday,1,1,1,1,1
U0379,Desktop,Weekday,1,1,1,1,1
U0390,Desktop,Weekday,1,1,1,1,1
U0394,Desktop,Weekday,1,1,1,1,1
U0402,Desktop,Weekday,1,1,1,1,1
U0436,Desktop,Weekday,1,1,1,1,1
U0468,Desktop,Weekday,1,1,1,1,1
U0474,Desktop,Weekday,1,1,1,1,1
U0490,Desktop,Weekday,1,1,1,1,1
U0501,Desktop,Weekday,1,1,1,1,1
U0531,Desktop,Weekday,1,1,1,1,1
U0544,Desktop,Weekday,1,1,1,1,1
U0555,Desktop,Weekday,1,1,1,1,1
U0578,Desktop,Weekday,1,1,1,1,1
U0612,Desktop,Weekday,1,1,1,1,1
U0613,Desktop,Weekday,1,1,1,1,1
U0616,Desktop,Weekday,1,1,1,1,1
U0632,Desktop,Weekday,1,1,1,1,1
U0659,Desktop,Weekday,1,1,1,1,1
U0746,Desktop,Weekday,1,1,1,1,1
U0770,Desktop,Weekday,1,1,1,1,1
U0779,Desktop,Weekday,1,1,1,1,1
U0781,Desktop,Weekday,1,1,1,1,1
U0794,Desktop,Weekday,1,1,1,1,1
U0796,Desktop,Weekday,1,1,1,1,1
U0840,Desktop,Weekday,1,1,1,1,1
U0848,Desktop,Weekday,1,1,1,1,1
U0869,Desktop,Weekday,1,1,1,1,1
U0877,Desktop,Weekday,1,1,1,1,1
U0892,Desktop,Weekday,1,1,1,1,1
U0906,Desktop,Weekday,1,1,1,1,1
U0918,Desktop,Weekday,1,1,1,1,1
U0962,Desktop,Weekday,1,1,1,1,1
U0973,Desktop,Weekday,1,1,1,1,1
U0992,Desktop,Weekday,1,1,1,1,1
U0014,Mobile,Weekday,1,1,1,1,1
U0032,Mobile,Weekday,1,1,1,1,1
U0040,Mobile,Weekday,1,1,1,1,1
U0048,Mobile,Weekday,1,1,1,1,1
U0050,Mobile,Weekday,1,1,1,1,1
U0083,Mobile,Weekday,1,1,1,1,1
U0086,Mobile,Weekday,1,1,1,1,1
U0112,Mobile,Weekday,1,1,1,1,1
U0143,Mobile,Weekday,1,1,1,1,1
U0148,Mobile,Weekday,1,1,1,1,1
U0154,Mobile,Weekday,1,1,1,1,1
U0170,Mobile,Weekday,1,1,1,1,1
U0180,Mobile,Weekday,1,1,1,1,1
U0185,Mobile,Weekday,1,1,1,1,1
U0202,Mobile,Weekday,1,1,1,1,1
U0203,Mobile,Weekday,1,1,1,1,1
U0209,Mobile,Weekday,1,1,1,1,1
U0211,Mobile,Weekday,1,1,1,1,1
U0228,Mobile,Weekday,1,1,1,1,1
U0235,Mobile,Weekday,1,1,1,1,1
U0247,Mobile,Weekday,1,1,1,1,1
U0286,Mobile,Weekday,1,1,1,1,1
U0298,Mobile,Weekday,1,1,1,1,1
U0301,Mobile,Weekday,1,1,1,1,1
U0313,Mobile,Weekday,1,1,1,1,1
U0324,Mobile,Weekday,1,1,1,1,1
U0336,Mobile,Weekday,1,1,1,1,1
U0339,Mobile,Weekday,1,1,1,1,1
U0342,Mobile,Weekday,1,1,1,1,1
U0355,Mobile,Weekday,1,1,1,1,1
U0358,Mobile,Weekday,1,1,1,1,1
U0364,Mobile,Weekday,1,1,1,1,1
U0369,Mobile,Weekday,1,1,1,1,1
U0388,Mobile,Weekday,1,1,1,1,1
U0411,Mobile,Weekday,1,1,1,1,1
U0427,Mobile,Weekday,1,1,1,1,1
U0459,Mobile,Weekday,1,1,1,1,1
U0460,Mobile,Weekday,1,1,1,1,1
U0466,Mobile,Weekday,1,1,1,1,1
U0485,Mobile,Weekday,1,1,1,1,1
U0517,Mobile,Weekday,1,1,1,1,1
U0534,Mobile,Weekday,1,1,1,1,1
U0538,Mobile,Weekday,1,1,1,1,1
U0539,Mobile,Weekday,1,1,1,1,1
U0543,Mobile,Weekday,1,1,1,1,1
U0567,Mobile,Weekday,1,1,1,1,1
U0568,Mobile,Weekday,1,1,1,1,1
U0571,Mobile,Weekday,1,1,1,1,1
U0594,Mobile,Weekday,1,1,1,1,1
U0598,Mobile,Weekday,1,1,1,1,1
U0599,Mobile,Weekday,1,1,1,1,1
U0604,Mobile,Weekday,1,1,1,1,1
U0623,Mobile,Weekday,1,1,1,1,1
U0671,Mobile,Weekday,1,1,1,1,1
U0677,Mobile,Weekday,1,1,1,1,1
U0688,Mobile,Weekday,1,1,1,1,1
U0694,Mobile,Weekday,1,1,1,1,1
U0712,Mobile,Weekday,1,1,1,1,1
U0730,Mobile,Weekday,1,1,1,1,1
U0731,Mobile,Weekday,1,1,1,1,1
U0747,Mobile,Weekday,1,1,1,1,1
U0748,Mobile,Weekday,1,1,1,1,1
U0754,Mobile,Weekday,1,1,1,1,1
U0761,Mobile,Weekday,1,1,1,1,1
U0765,Mobile,Weekday,1,1,1,1,1
U0771,Mobile,Weekday,1,1,1,1,1
U0793,Mobile,Weekday,1,1,1,1,1
U0795,Mobile,Weekday,1,1,1,1,1
U0809,Mobile,Weekday,1,1,1,1,1
U0813,Mobile,Weekday,1,1,1,1,1
U0830,Mobile,Weekday,1,1,1,1,1
U0850,Mobile,Weekday,1,1,1,1,1
U0856,Mobile,Weekday,1,1,1,1,1
U0867,Mobile,Weekday,1,1,1,1,1
U0897,Mobile,Weekday,1,1,1,1,1
U0899,Mobile,Weekday,1,1,1,1,1
U0901,Mobile,Weekday,1,1,1,1,1
U0902,Mobile,Weekday,1,1,1,1,1
U0908,Mobile,Weekday,1,1,1,1,1
U0927,Mobile,Weekday,1,1,1,1,1
U0934,Mobile,Weekday,1,1,1,1,1
U0959,Mobile,Weekday,1,1,1,1,1
U0970,Mobile,Weekday,1,1,1,1,1
U0988,Mobile,Weekday,1,1,1,1,1
U0998,Mobile,Weekday,1,1,1,1,1
U0005,Mobile,Weekend,1,1,1,1,1
U0008,Desktop,Weekend,1,1,1,1,1
U0012,Desktop,Weekend,1,1,1,1,1
U0019,Mobile,Weekend,1,1,1,1,1
U0061,Mobile,Weekend,1,1,1,1,1
U0062,Mobile,Weekend,1,1,1,1,1
U0102,Desktop,Weekend,1,1,1,1,1
U0111,Mobile,Weekend,1,1,1,1,1
U0122,Desktop,Weekend,1,1,1,1,1
U0141,Desktop,Weekend,1,1,1,1,1
U0146,Mobile,Weekend,1,1,1,1,1
U0161,Mobile,Weekend,1,1,1,1,1
U0177,Desktop,Weekend,1,1,1,1,1
U0184,Desktop,Weekend,1,1,1,1,1
U0196,Mobile,Weekend,1,1,1,1,1
U0306,Desktop,Weekend,1,1,1,1,1
U0318,Mobile,Weekend,1,1,1,1,1
U0367,Desktop,Weekend,1,1,1,1,1
U0389,Desktop,Weekend,1,1,1,1,1
U0400,Desktop,Weekend,1,1,1,1,1
U0410,Mobile,Weekend,1,1,1,1,1
U0449,Mobile,Weekend,1,1,1,1,1
U0467,Mobile,Weekend,1,1,1,1,1
U0478,Mobile,Weekend,1,1,1,1,1
U0479,Desktop,Weekend,1,1,1,1,1
U0481,Desktop,Weekend,1,1,1,1,1
U0500,Desktop,Weekend,1,1,1,1,1
U0520,Mobile,Weekend,1,1,1,1,1
U0522,Mobile,Weekend,1,1,1,1,1
U0533,Desktop,Weekend,1,1,1,1,1
U0553,Mobile,Weekend,1,1,1,1,1
U0565,Mobile,Weekend,1,1,1,1,1
U0592,Desktop,Weekend,1,1,1,1,1
U0600,Mobile,Weekend,1,1,1,1,1
U0608,Mobile,Weekend,1,1,1,1,1
U0648,Desktop,Weekend,1,1,1,1,1
U0663,Desktop,Weekend,1,1,1,1,1
U0686,Mobile,Weekend,1,1,1,1,1
U0736,Desktop,Weekend,1,1,1,1,1
U0749,Desktop,Weekend,1,1,1,1,1
U0757,Desktop,Weekend,1,1,1,1,1
U0786,Desktop,Weekend,1,1,1,1,1
U0824,Mobile,Weekend,1,1,1,1,1
U0835,Mobile,Weekend,1,1,1,1,1
U0845,Mobile,Weekend,1,1,1,1,1
U0852,Desktop,Weekend,1,1,1,1,1
U0865,Mobile,Weekend,1,1,1,1,1
U0884,Mobile,Weekend,1,1,1,1,1
U0889,Mobile,Weekend,1,1,1,1,1
U0912,Mobile,Weekend,1,1,1,1,1
U0913,Desktop,Weekend,1,1,1,1,1
U0917,Mobile,Weekend,1,1,1,1,1
U0936,Mobile,Weekend,1,1,1,1,1
U0944,Desktop,Weekend,1,1,1,1,1
U0979,Mobile,Weekend,1,1,1,1,1
U0997,Desktop,Weekend,1,1,1,1,1
U0003,Desktop,Weekend,1,0,0,0,0
U0013,Desktop,Weekend,1,0,0,0,0
U0023,Mobile,Weekend,1,0,0,0,0
U0028,Mobile,Weekend,1,0,0,0,0
U0045,Mobile,Weekend,1,0,0,0,0
U0054,Desktop,Weekend,1,0,0,0,0
U0075,Desktop,Weekend,1,0,0,0,0
U0084,Mobile,Weekend,1,0,0,0,0
U0108,Desktop,Weekend,1,0,0,0,0
U0123,Mobile,Weekend,1,0,0,0,0
U0166,Desktop,Weekend,1,0,0,0,0
U0186,Desktop,Weekend,1,0,0,0,0
U0198,Desktop,Weekend,1,0,0,0,0
U0201,Desktop,Weekend,1,0,0,0,0
U0206,Mobile,Weekend,1,0,0,0,0
U0210,Mobile,Weekend,1,0,0,0,0
U0214,Mobile,Weekend,1,0,0,0,0
U0237,Mobile,Weekend,1,0,0,0,0
U0244,Mobile,Weekend,1,0,0,0,0
U0245,Mobile,Weekend,1,0,0,0,0
U0305,Desktop,Weekend,1,0,0,0,0
U0312,Mobile,Weekend,1,0,0,0,0
U0345,Mobile,Weekend,1,0,0,0,0
U0354,Mobile,Weekend,1,0,0,0,0
U0357,Mobile,Weekend,1,0,0,0,0
U0383,Desktop,Weekend,1,0,0,0,0
U0416,Mobile,Weekend,1,0,0,0,0
U0426,Mobile,Weekend,1,0,0,0,0
U0428,Desktop,Weekend,1,0,0,0,0
U0430,Mobile,Weekend,1,0,0,0,0
U0472,Desktop,Weekend,1,0,0,0,0
U0473,Mobile,Weekend,1,0,0,0,0
U0510,Desktop,Weekend,1,0,0,0,0
U0512,Mobile,Weekend,1,0,0,0,0
U0554,Mobile,Weekend,1,0,0,0,0
U0624,Mobile,Weekend,1,0,0,0,0
U0639,Mobile,Weekend,1,0,0,0,0
U0675,Mobile,Weekend,1,0,0,0,0
U0755,Mobile,Weekend,1,0,0,0,0
U0792,Mobile,Weekend,1,0,0,0,0
U0802,Mobile,Weekend,1,0,0,0,0
U0806,Desktop,Weekend,1,0,0,0,0
U0854,Desktop,Weekend,1,0,0,0,0
U0861,Desktop,Weekend,1,0,0,0,0
U0871,Mobile,Weekend,1,0,0,0,0
U0882,Desktop,Weekend,1,0,0,0,0
U0896,Mobile,Weekend,1,0,0,0,0
U0907,Desktop,Weekend,1,0,0,0,0
U0955,Mobile,Weekend,1,0,0,0,0
U0980,Mobile,Weekend,1,0,0,0,0
U0990,Desktop,Weekend,1,0,0,0,0
U0021,Desktop,Weekday,1,0,0,0,0
U0034,Desktop,Weekday,1,0,0,0,0
U0074,Desktop,Weekday,1,0,0,0,0
U0076,Desktop,Weekday,1,0,0,0,0
U0092,Desktop,Weekday,1,0,0,0,0
U0114,Desktop,Weekday,1,0,0,0,0
U0140,Desktop,Weekday,1,0,0,0,0
U0187,Desktop,Weekday,1,0,0,0,0
U0192,Desktop,Weekday,1,0,0,0,0
U0208,Desktop,Weekday,1,0,0,0,0
U0219,Desktop,Weekday,1,0,0,0,0
U0315,Desktop,Weekday,1,0,0,0,0
U0326,Desktop,Weekday,1,0,0,0,0
U0352,Desktop,Weekday,1,0,0,0,0
U0382,Desktop,Weekday,1,0,0,0,0
U0409,Desktop,Weekday,1,0,0,0,0
U0433,Desktop,Weekday,1,0,0,0,0
U0462,Desktop,Weekday,1,0,0,0,0
U0476,Desktop,Weekday,1,0,0,0,0
U0482,Desktop,Weekday,1,0,0,0,0
U0486,Desktop,Weekday,1,0,0,0,0
U0499,Desktop,Weekday,1,0,0,0,0
U0504,Desktop,Weekday,1,0,0,0,0
U0507,Desktop,Weekday,1,0,0,0,0
U0530,Desktop,Weekday,1,0,0,0,0
U0572,Desktop,Weekday,1,0,0,0,0
U0582,Desktop,Weekday,1,0,0,0,0
U0662,Desktop,Weekday,1,0,0,0,0
U0718,Desktop,Weekday,1,0,0,0,0
U0721,Desktop,Weekday,1,0,0,0,0
U0790,Desktop,Weekday,1,0,0,0,0
U0799,Desktop,Weekday,1,0,0,0,0
U0804,Desktop,Weekday,1,0,0,0,0
U0821,Desktop,Weekday,1,0,0,0,0
U0837,Desktop,Weekday,1,0,0,0,0
U0844,Desktop,Weekday,1,0,0,0,0
U0873,Desktop,Weekday,1,0,0,0,0
U0018,Mobile,Weekday,1,0,0,0,0
U0041,Mobile,Weekday,1,0,0,0,0
U0079,Mobile,Weekday,1,0,0,0,0
U0101,Mobile,Weekday,1,0,0,0,0
U0107,Mobile,Weekday,1,0,0,0,0
U0110,Mobile,Weekday,1,0,0,0,0
U0120,Mobile,Weekday,1,0,0,0,0
U0125,Mobile,Weekday,1,0,0,0,0
U0129,Mobile,Weekday,1,0,0,0,0
U0136,Mobile,Weekday,1,0,0,0,0
U0174,Mobile,Weekday,1,0,0,0,0
U0233,Mobile,Weekday,1,0,0,0,0
U0234,Mobile,Weekday,1,0,0,0,0
U0252,Mobile,Weekday,1,0,0,0,0
U0255,Mobile,Weekday,1,0,0,0,0
U0263,Mobile,Weekday,1,0,0,0,0
U0275,Mobile,Weekday,1,0,0,0,0
U0287,Mobile,Weekday,1,0,0,0,0
U0321,Mobile,Weekday,1,0,0,0,0
U0395,Mobile,Weekday,1,0,0,0,0
U0435,Mobile,Weekday,1,0,0,0,0
U0452,Mobile,Weekday,1,0,0,0,0
U0461,Mobile,Weekday,1,0,0,0,0
U0483,Mobile,Weekday,1,0,0,0,0
U0488,Mobile,Weekday,1,0,0,0,0
U0498,Mobile,Weekday,1,0,0,0,0
U0516,Mobile,Weekday,1,0,0,0,0
U0528,Mobile,Weekday,1,0,0,0,0
U0556,Mobile,Weekday,1,0,0,0,0
U0570,Mobile,Weekday,1,0,0,0,0
U0577,Mobile,Weekday,1,0,0,0,0
U0622,Mobile,Weekday,1,0,0,0,0
U0626,Mobile,Weekday,1,0,0,0,0
U0637,Mobile,Weekday,1,0,0,0,0
U0647,Mobile,Weekday,1,0,0,0,0
U0658,Mobile,Weekday,1,0,0,0,0
U0695,Mobile,Weekday,1,0,0,0,0
U0702,Mobile,Weekday,1,0,0,0,0
U0734,Mobile,Weekday,1,0,0,0,0
U0735,Mobile,Weekday,1,0,0,0,0
U0737,Mobile,Weekday,1,0,0,0,0
U0739,Mobile,Weekday,1,0,0,0,0
U0758,Mobile,Weekday,1,0,0,0,0
U0766,Mobile,Weekday,1,0,0,0,0
U0783,Mobile,Weekday,1,0,0,0,0
U0785,Mobile,Weekday,1,0,0,0,0
U0787,Mobile,Weekday,1,0,0,0,0
U0789,Mobile,Weekday,1,0,0,0,0
U0803,Mobile,Weekday,1,0,0,0,0
U0836,Mobile,Weekday,1,0,0,0,0
U0843,Mobile,Weekday,1,0,0,0,0
U0863,Mobile,Weekday,1,0,0,0,0
U0872,Mobile,Weekday,1,0,0,0,0
U0886,Mobile,Weekday,1,0,0,0,0
U0914,Mobile,Weekday,1,0,0,0,0
U0926,Mobile,Weekday,1,0,0,0,0
U0928,Mobile,Weekday,1,0,0,0,0
U0939,Mobile,Weekday,1,0,0,0,0
U0950,Mobile,Weekday,1,0,0,0,0
U0958,Mobile,Weekday,1,0,0,0,0
U0964,Mobile,Weekday,1,0,0,0,0
U0965,Mobile,Weekday,1,0,0,0,0
U0969,Mobile,Weekday,1,0,0,0,0
U0986,Mobile,Weekday,1,0,0,0,0
U0996,Mobile,Weekday,1,0,0,0,0
U1000,Mobile,Weekday,1,0,0,0,0
